{
    "model": {
        "name": "GradientBoostingClassifier",
        "library": "scikit-learn",
        "verson": "1.0.2",
        "trained_at": "2026-01-05T13:04:44.393769+00:00",
        "n_estimators": 300,
        "learning_rate": 0.05,
        "max_depth": 4,
        "test_size": 0.2
    },
    "hyperparameters": {
        "ccp_alpha": 0.0,
        "criterion": "friedman_mse",
        "init": null,
        "learning_rate": 0.05,
        "loss": "log_loss",
        "max_depth": 4,
        "max_features": null,
        "max_leaf_nodes": null,
        "min_impurity_decrease": 0.0,
        "min_samples_leaf": 3,
        "min_samples_split": 10,
        "min_weight_fraction_leaf": 0.0,
        "n_estimators": 300,
        "n_iter_no_change": null,
        "random_state": 17,
        "subsample": 0.8,
        "tol": 0.0001,
        "validation_fraction": 0.1,
        "verbose": 0,
        "warm_start": false
    },
    "metrics": {
        "accuracy": 0.7308868501529052,
        "precision": 0.7424627102507141,
        "recall": 0.6929798578199052,
        "f1": 0.716868392829784,
        "roc_auc": 0.7966847044736567,
        "kfold": [
            0.7266319338032485,
            0.7295433650015324,
            0.7301562978853815,
            0.7301562978853815,
            0.726325467361324,
            0.7373582592706098,
            0.7323015629788538,
            0.737971192154459,
            0.7323015629788538,
            0.727816091954023
        ]
    },
    "training": {
        "train_loss_per_iteration": [
            1.360291683036645,
            1.3364185967665299,
            1.3159348583486548,
            1.2968022145297247,
            1.279027371495316,
            1.2627097676001193,
            1.2489332509382494,
            1.234948149936263,
            1.2236118031826708,
            1.2130081030693336,
            1.2016095170896972,
            1.1922554475654117,
            1.1850039037183049,
            1.1756422003209515,
            1.1685631335996334,
            1.162823053027359,
            1.156598226981286,
            1.1518074368998674,
            1.1474184780899552,
            1.1417543723460313,
            1.1359180500258708,
            1.1313502918096776,
            1.1294336939765355,
            1.1235033924949211,
            1.121872998299948,
            1.1187347140070965,
            1.1159514679485798,
            1.1123442108618784,
            1.1076545407173661,
            1.1079858479970228,
            1.1061389941520179,
            1.1051449679594185,
            1.1069632137719123,
            1.0999022484634602,
            1.0967328415815125,
            1.099999815927793,
            1.0940114248594714,
            1.0969174073021193,
            1.0957770644695204,
            1.092150144986545,
            1.0927641568135908,
            1.090551677132362,
            1.0895628061465525,
            1.0885793600824643,
            1.0892653021674819,
            1.0857128281192099,
            1.086608356685183,
            1.086769660648648,
            1.0818465390666232,
            1.0842807914732095,
            1.0832633569302046,
            1.0801287078566557,
            1.0814898972171905,
            1.0820601412637472,
            1.0838052224842991,
            1.0789588103986782,
            1.0783518281279745,
            1.0786565523191398,
            1.0775960057491274,
            1.0811555051503643,
            1.0781459464138627,
            1.0794034916340947,
            1.07736442598913,
            1.0798279229365852,
            1.0799308337929334,
            1.0767661054629405,
            1.073373214231579,
            1.0705218514630677,
            1.0762224889769474,
            1.0761523165873215,
            1.0744613616156562,
            1.0747891193976569,
            1.0729334908231396,
            1.0754467763825284,
            1.0725023059773025,
            1.072832791052872,
            1.0736913256999814,
            1.0711760474035361,
            1.076772049596284,
            1.0730731844297896,
            1.0698932122656364,
            1.0717678402181354,
            1.0743160449855234,
            1.0676743789329175,
            1.073245816051272,
            1.0712274823164978,
            1.0730097122550009,
            1.0693131674745706,
            1.069693258556646,
            1.0674005566877962,
            1.069491754159691,
            1.0707360243985031,
            1.0718065688145053,
            1.06818961993995,
            1.0675133438835973,
            1.0660100878408072,
            1.067361884554418,
            1.0674731326525229,
            1.0657799425190781,
            1.0675161047828199,
            1.0708077545385613,
            1.0657375510601736,
            1.0689281970652391,
            1.0676771204693458,
            1.0680652835664273,
            1.0665247795443384,
            1.0672606237258442,
            1.0658923249109302,
            1.0671514471839123,
            1.0645034637994701,
            1.0692699974737867,
            1.0681915940769362,
            1.0665926777236672,
            1.0687715395212924,
            1.0659502711467381,
            1.0671570563834,
            1.0670345052228327,
            1.0622480088399449,
            1.0681003358725978,
            1.0665938323147457,
            1.0644691659201249,
            1.067876766330893,
            1.0696449019412728,
            1.0685166357292963,
            1.0642821645055145,
            1.0654016062994875,
            1.0681108176450935,
            1.0651257622700434,
            1.0638262611418732,
            1.0656031030400086,
            1.0631796709051846,
            1.0678623990692289,
            1.0623423416175806,
            1.0603052234162376,
            1.062390177889483,
            1.062752929144256,
            1.0642807708273083,
            1.0645447988816168,
            1.0676862875468585,
            1.0676135268451328,
            1.0610562228158695,
            1.0660662090657238,
            1.0603417923816005,
            1.0635681292480885,
            1.0623604337756245,
            1.0639578864614945,
            1.06378578727883,
            1.063466563505476,
            1.064307999611616,
            1.0613774988933933,
            1.0612067640999985,
            1.0598461780639543,
            1.064947676601447,
            1.0638071239080342,
            1.0633382888790235,
            1.0617201999541062,
            1.057515068090905,
            1.0588069979460328,
            1.061288064715413,
            1.0606623574989797,
            1.0612875282186012,
            1.0585729984828192,
            1.0620364523590227,
            1.0609667628460022,
            1.0610107739019983,
            1.060721898619258,
            1.0603113443998713,
            1.0607978759051493,
            1.0606661045245032,
            1.0636617814015445,
            1.059233365470191,
            1.0618608152027822,
            1.0602942766968184,
            1.0571538300876406,
            1.057488385905493,
            1.0570959944530387,
            1.0623749518368628,
            1.0569070563630432,
            1.0620121174961672,
            1.0588982310843569,
            1.0571300814703715,
            1.0600138837487436,
            1.0574716426927526,
            1.0578889973616565,
            1.0597729479280416,
            1.057196439172429,
            1.061292198904187,
            1.0549752950358742,
            1.0580740979203136,
            1.0562529537343346,
            1.0602190538589944,
            1.0603715042612794,
            1.0565677566622667,
            1.0572660609976152,
            1.0568292583629015,
            1.0613285549262204,
            1.060862774013216,
            1.055743105388218,
            1.0584368698429731,
            1.0541342173080863,
            1.055586890246104,
            1.0578768992608143,
            1.0560194907997476,
